Sigla;Código;Município;2022;
MG;3100104;Abadia dos Dourados;6,25;
MG;3100203;Abaeté;5,83;
MG;3100302;Abre Campo;6,98;
MG;3100401;Acaiaca;9,79000000000001;
MG;3100500;Açucena;15,54;
MG;3100609;Água Boa;22,4;
MG;3100708;Água Comprida;6,59;
MG;3100807;Aguanil;7,76000000000001;
MG;3100906;Águas Formosas;17,49;
MG;3101003;Águas Vermelhas;18,03;
MG;3101102;Aimorés;9,92;
MG;3101201;Aiuruoca;9,18000000000001;
MG;3101300;Alagoa;8,19;
MG;3101409;Albertina;9,11;
MG;3101508;Além Paraíba;5,01000000000001;
MG;3101607;Alfenas;4,17;
MG;3101631;Alfredo Vasconcelos;5,88;
MG;3101706;Almenara;15,7;
MG;3101805;Alpercata;12,79;
MG;3101904;Alpinópolis;4,95;
MG;3102001;Alterosa;5,92;
MG;3102050;Alto Caparaó;7,89;
MG;3102100;Alto Rio Doce;8,91;
MG;3102209;Alvarenga;14,46;
MG;3102308;Alvinópolis;6,88;
MG;3102407;Alvorada de Minas;12,59;
MG;3102506;Amparo do Serra;11,57;
MG;3102605;Andradas;6,09;
MG;3102704;Cachoeira de Pajeú;16,23;
MG;3102803;Andrelândia;7,97;
MG;3102852;Angelândia;20,04;
MG;3102902;Antônio Carlos;7,77;
MG;3103009;Antônio Dias;10,42;
MG;3103108;Antônio Prado de Minas;7,67;
MG;3103207;Araçaí;6,15000000000001;
MG;3103306;Aracitaba;11,38;
MG;3103405;Araçuaí;11,45;
MG;3103504;Araguari;3,47;
MG;3103603;Arantina;6,97;
MG;3103702;Araponga;12,83;
MG;3103751;Araporã;4,77;
MG;3103801;Arapuá;7,19;
MG;3103900;Araújos;4,84;
MG;3104007;Araxá;3,13;
MG;3104106;Arceburgo;7,81;
MG;3104205;Arcos;3,45999999999999;
MG;3104304;Areado;5,61;
MG;3104403;Argirita;6,72;
MG;3104452;Aricanduva;15,87;
MG;3104502;Arinos;9,97;
MG;3104601;Astolfo Dutra;4,67;
MG;3104700;Ataléia;20,69;
MG;3104809;Augusto de Lima;9,51000000000001;
MG;3104908;Baependi;7,03;
MG;3105004;Baldim;7,62;
MG;3105103;Bambuí;5,67;
MG;3105202;Bandeira;20,51;
MG;3105301;Bandeira do Sul;7,86;
MG;3105400;Barão de Cocais;4,61;
MG;3105509;Barão de Monte Alto;10,67;
MG;3105608;Barbacena;3,93000000000001;
MG;3105707;Barra Longa;12,15;
MG;3105905;Barroso;4,98999999999999;
MG;3106002;Bela Vista de Minas;5,34;
MG;3106101;Belmiro Braga;10,01;
MG;3106200;Belo Horizonte;2,5;
MG;3106309;Belo Oriente;8,25;
MG;3106408;Belo Vale;5,95;
MG;3106507;Berilo;16,41;
MG;3106606;Bertópolis;22,05;
MG;3106655;Berizal;17,63;
MG;3106705;Betim;4,04000000000001;
MG;3106804;Bias Fortes;10,84;
MG;3106903;Bicas;4,27;
MG;3107000;Biquinhas;8,95;
MG;3107109;Boa Esperança;4,93000000000001;
MG;3107208;Bocaina de Minas;9,67;
MG;3107307;Bocaiúva;7,69;
MG;3107406;Bom Despacho;3,97;
MG;3107505;Bom Jardim de Minas;7,84;
MG;3107604;Bom Jesus da Penha;7,63;
MG;3107703;Bom Jesus do Amparo;6,37;
MG;3107802;Bom Jesus do Galho;13,96;
MG;3107901;Bom Repouso;6,72;
MG;3108008;Bom Sucesso;9,62;
MG;3108107;Bonfim;6,39;
MG;3108206;Bonfinópolis de Minas;9,01000000000001;
MG;3108255;Bonito de Minas;16,41;
MG;3108305;Borda da Mata;4,95999999999999;
MG;3108404;Botelhos;6,54000000000001;
MG;3108503;Botumirim;12,18;
MG;3108552;Brasilândia de Minas;7,14;
MG;3108602;Brasília de Minas;10,58;
MG;3108701;Brás Pires;8,16;
MG;3108800;Braúnas;10,78;
MG;3108909;Brasópolis;7,56999999999999;
MG;3109006;Brumadinho;4,06;
MG;3109105;Bueno Brandão;7,54000000000001;
MG;3109204;Buenópolis;10,35;
MG;3109253;Bugre;14,59;
MG;3109303;Buritis;9,13;
MG;3109402;Buritizeiro;10,9;
MG;3109451;Cabeceira Grande;8,39;
MG;3109501;Cabo Verde;7,64;
MG;3109600;Cachoeira da Prata;3,16;
MG;3109709;Cachoeira de Minas;5,69;
MG;3109808;Cachoeira Dourada;7,2;
MG;3109907;Caetanópolis;4,33;
MG;3110004;Caeté;3,7;
MG;3110103;Caiana;8,12;
MG;3110202;Cajuri;8,47;
MG;3110301;Caldas;5,69;
MG;3110400;Camacho;12,73;
MG;3110509;Camanducaia;7,41;
MG;3110608;Cambuí;5,26000000000001;
MG;3110707;Cambuquira;7,69;
MG;3110806;Campanário;17,06;
MG;3110905;Campanha;4,89;
MG;3111002;Campestre;6,03;
MG;3111101;Campina Verde;6,09;
MG;3111150;Campo Azul;12,97;
MG;3111200;Campo Belo;5,95999999999999;
MG;3111309;Campo do Meio;6,59;
MG;3111408;Campo Florido;7,09;
MG;3111507;Campos Altos;8,44;
MG;3111606;Campos Gerais;8,09;
MG;3111705;Canaã;11,73;
MG;3111804;Canápolis;7,2;
MG;3111903;Cana Verde;9,03;
MG;3112000;Candeias;9,62;
MG;3112059;Cantagalo;12,62;
MG;3112109;Caparaó;8,73;
MG;3112208;Capela Nova;8,55;
MG;3112307;Capelinha;13,09;
MG;3112406;Capetinga;7,77;
MG;3112505;Capim Branco;5,33;
MG;3112604;Capinópolis;8,38;
MG;3112653;Capitão Andrade;12,73;
MG;3112703;Capitão Enéas;12,56;
MG;3112802;Capitólio;2,58;
MG;3112901;Caputira;10,19;
MG;3113008;Caraí;19,61;
MG;3113107;Caranaíba;7,52;
MG;3113206;Carandaí;4,88;
MG;3113305;Carangola;6,33;
MG;3113404;Caratinga;6,62;
MG;3113503;Carbonita;12,58;
MG;3113602;Careaçu;7,28;
MG;3113701;Carlos Chagas;16,37;
MG;3113800;Carmésia;9,93000000000001;
MG;3113909;Carmo da Cachoeira;8,20999999999999;
MG;3114006;Carmo da Mata;5,45;
MG;3114105;Carmo de Minas;8,04000000000001;
MG;3114204;Carmo do Cajuru;4,67;
MG;3114303;Carmo do Paranaíba;5,22;
MG;3114402;Carmo do Rio Claro;5,08;
MG;3114501;Carmópolis de Minas;4,56;
MG;3114550;Carneirinho;8,84999999999999;
MG;3114600;Carrancas;5,63;
MG;3114709;Carvalhópolis;6,65000000000001;
MG;3114808;Carvalhos;9,66;
MG;3114907;Casa Grande;5,23999999999999;
MG;3115003;Cascalho Rico;2,95999999999999;
MG;3115102;Cássia;6,95999999999999;
MG;3115201;Conceição da Barra de Minas;6,45999999999999;
MG;3115300;Cataguases;3,59;
MG;3115359;Catas Altas;8,29000000000001;
MG;3115409;Catas Altas da Noruega;9,65000000000001;
MG;3115458;Catuji;18,94;
MG;3115474;Catuti;22,56;
MG;3115508;Caxambu;4,69;
MG;3115607;Cedro do Abaeté;10,37;
MG;3115706;Central de Minas;15,28;
MG;3115805;Centralina;8,02;
MG;3115904;Chácara;7,45;
MG;3116001;Chalé;9,20999999999999;
MG;3116100;Chapada do Norte;22,57;
MG;3116159;Chapada Gaúcha;11,69;
MG;3116209;Chiador;4,61;
MG;3116308;Cipotânea;10,19;
MG;3116407;Claraval;6,95;
MG;3116506;Claro dos Poções;11,42;
MG;3116605;Cláudio;3,47;
MG;3116704;Coimbra;7;
MG;3116803;Coluna;15,05;
MG;3116902;Comendador Gomes;6,56;
MG;3117009;Comercinho;18,88;
MG;3117108;Conceição da Aparecida;4,79000000000001;
MG;3117207;Conceição das Pedras;7,56999999999999;
MG;3117306;Conceição das Alagoas;6,02;
MG;3117405;Conceição de Ipanema;12,09;
MG;3117504;Conceição do Mato Dentro;9,12;
MG;3117603;Conceição do Pará;6,68000000000001;
MG;3117702;Conceição do Rio Verde;8,52;
MG;3117801;Conceição dos Ouros;5,93000000000001;
MG;3117836;Cônego Marinho;14,5;
MG;3117876;Confins;4,2;
MG;3117900;Congonhal;5,90000000000001;
MG;3118007;Congonhas;3,53;
MG;3118106;Congonhas do Norte;14,96;
MG;3118205;Conquista;6,98;
MG;3118304;Conselheiro Lafaiete;2,86;
MG;3118403;Conselheiro Pena;10,29;
MG;3118502;Consolação;9,78;
MG;3118601;Contagem;3;
MG;3118700;Coqueiral;5,55;
MG;3118809;Coração de Jesus;10,92;
MG;3118908;Cordisburgo;7,09;
MG;3119005;Cordislândia;8,31999999999999;
MG;3119104;Corinto;7,54000000000001;
MG;3119203;Coroaci;9,45;
MG;3119302;Coromandel;5,78;
MG;3119401;Coronel Fabriciano;4,93000000000001;
MG;3119500;Coronel Murta;14,43;
MG;3119609;Coronel Pacheco;6,26000000000001;
MG;3119708;Coronel Xavier Chaves;4,70999999999999;
MG;3119807;Córrego Danta;7,98999999999999;
MG;3119906;Córrego do Bom Jesus;7,03;
MG;3119955;Córrego Fundo;7,64;
MG;3120003;Córrego Novo;16,54;
MG;3120102;Couto de Magalhães de Minas;9,42;
MG;3120151;Crisólita;24,04;
MG;3120201;Cristais;6,43000000000001;
MG;3120300;Cristália;13,45;
MG;3120409;Cristiano Otoni;4,90000000000001;
MG;3120508;Cristina;6,56999999999999;
MG;3120607;Crucilândia;9,06999999999999;
MG;3120706;Cruzeiro da Fortaleza;5,03;
MG;3120805;Cruzília;7;
MG;3120839;Cuparaque;13,22;
MG;3120870;Curral de Dentro;16,86;
MG;3120904;Curvelo;4,93000000000001;
MG;3121001;Datas;7,77;
MG;3121100;Delfim Moreira;5,66;
MG;3121209;Delfinópolis;7,20999999999999;
MG;3121258;Delta;9,11;
MG;3121308;Descoberto;6,61;
MG;3121407;Desterro de Entre Rios;8,56;
MG;3121506;Desterro do Melo;8,7;
MG;3121605;Diamantina;6,09999999999999;
MG;3121704;Diogo de Vasconcelos;15,86;
MG;3121803;Dionísio;9,45999999999999;
MG;3121902;Divinésia;6,84;
MG;3122009;Divino;10,4;
MG;3122108;Divino das Laranjeiras;14,19;
MG;3122207;Divinolândia de Minas;10,15;
MG;3122306;Divinópolis;3,03;
MG;3122355;Divisa Alegre;17,08;
MG;3122405;Divisa Nova;9,17;
MG;3122454;Divisópolis;18,79;
MG;3122470;Dom Bosco;7,31999999999999;
MG;3122504;Dom Cavati;9,45;
MG;3122603;Dom Joaquim;10,88;
MG;3122702;Dom Silvério;6,77;
MG;3122801;Dom Viçoso;6,09;
MG;3122900;Dona Eusébia;5,94;
MG;3123007;Dores de Campos;5,52;
MG;3123106;Dores de Guanhães;13,11;
MG;3123205;Dores do Indaiá;7,83;
MG;3123304;Dores do Turvo;7,73;
MG;3123403;Doresópolis;5,33;
MG;3123502;Douradoquara;4,63;
MG;3123528;Durandé;11,3;
MG;3123601;Elói Mendes;7,51000000000001;
MG;3123700;Engenheiro Caldas;11,88;
MG;3123809;Engenheiro Navarro;13,2;
MG;3123858;Entre Folhas;10,25;
MG;3123908;Entre Rios de Minas;6,03;
MG;3124005;Ervália;11,05;
MG;3124104;Esmeraldas;5,28;
MG;3124203;Espera Feliz;9,03;
MG;3124302;Espinosa;17,14;
MG;3124401;Espírito Santo do Dourado;7,37;
MG;3124500;Estiva;7,94;
MG;3124609;Estrela Dalva;10,93;
MG;3124708;Estrela do Indaiá;8,2;
MG;3124807;Estrela do Sul;7,56999999999999;
MG;3124906;Eugenópolis;7,97;
MG;3125002;Ewbank da Câmara;5,5;
MG;3125101;Extrema;3,79000000000001;
MG;3125200;Fama;6,16;
MG;3125309;Faria Lemos;7,39;
MG;3125408;Felício dos Santos;11;
MG;3125507;São Gonçalo do Rio Preto;11,29;
MG;3125606;Felisburgo;17,9;
MG;3125705;Felixlândia;6,40000000000001;
MG;3125804;Fernandes Tourinho;15,37;
MG;3125903;Ferros;14,17;
MG;3125952;Fervedouro;10,64;
MG;3126000;Florestal;3,20999999999999;
MG;3126109;Formiga;4,64;
MG;3126208;Formoso;13,23;
MG;3126307;Fortaleza de Minas;7,31999999999999;
MG;3126406;Fortuna de Minas;4,56999999999999;
MG;3126505;Francisco Badaró;16,83;
MG;3126604;Francisco Dumont;12,54;
MG;3126703;Francisco Sá;14,5;
MG;3126752;Franciscópolis;20,98;
MG;3126802;Frei Gaspar;19,33;
MG;3126901;Frei Inocêncio;13,1;
MG;3126950;Frei Lagonegro;16,11;
MG;3127008;Fronteira;7,65000000000001;
MG;3127057;Fronteira dos Vales;20,89;
MG;3127073;Fruta de Leite;28,05;
MG;3127107;Frutal;4;
MG;3127206;Funilândia;6,09999999999999;
MG;3127305;Galiléia;12,22;
MG;3127339;Gameleiras;19,38;
MG;3127354;Glaucilândia;9,48999999999999;
MG;3127370;Goiabeira;15,26;
MG;3127388;Goianá;5,48;
MG;3127404;Gonçalves;6,69;
MG;3127503;Gonzaga;14,14;
MG;3127602;Gouveia;6,33;
MG;3127701;Governador Valadares;5,54000000000001;
MG;3127800;Grão Mogol;15,75;
MG;3127909;Grupiara;6,03;
MG;3128006;Guanhães;7,81;
MG;3128105;Guapé;5,87;
MG;3128204;Guaraciaba;11,58;
MG;3128253;Guaraciama;11,76;
MG;3128303;Guaranésia;7,44;
MG;3128402;Guarani;6,34999999999999;
MG;3128501;Guarará;5,63;
MG;3128600;Guarda-Mor;5,45;
MG;3128709;Guaxupé;4,81999999999999;
MG;3128808;Guidoval;6,68000000000001;
MG;3128907;Guimarânia;5,79000000000001;
MG;3129004;Guiricema;8,95999999999999;
MG;3129103;Gurinhatã;8,90000000000001;
MG;3129202;Heliodora;9,53;
MG;3129301;Iapu;10,65;
MG;3129400;Ibertioga;10,38;
MG;3129509;Ibiá;5,08;
MG;3129608;Ibiaí;9,67;
MG;3129657;Ibiracatu;19,62;
MG;3129707;Ibiraci;7,59;
MG;3129806;Ibirité;4,77;
MG;3129905;Ibitiúra de Minas;7,18000000000001;
MG;3130002;Ibituruna;6,27;
MG;3130051;Icaraí de Minas;11,62;
MG;3130101;Igarapé;5,14;
MG;3130200;Igaratinga;5,83;
MG;3130309;Iguatama;4,34999999999999;
MG;3130408;Ijaci;5,65000000000001;
MG;3130507;Ilicínea;6,23999999999999;
MG;3130556;Imbé de Minas;11,15;
MG;3130606;Inconfidentes;5,78;
MG;3130655;Indaiabira;25,02;
MG;3130705;Indianópolis;8,09999999999999;
MG;3130804;Ingaí;5,7;
MG;3130903;Inhapim;9,59;
MG;3131000;Inhaúma;4,40000000000001;
MG;3131109;Inimutaba;9;
MG;3131158;Ipaba;10,04;
MG;3131208;Ipanema;9,92;
MG;3131307;Ipatinga;4,11;
MG;3131406;Ipiaçu;8,58;
MG;3131505;Ipuiúna;7,5;
MG;3131604;Iraí de Minas;5,23999999999999;
MG;3131703;Itabira;5,16;
MG;3131802;Itabirinha de Mantena;13,36;
MG;3131901;Itabirito;3,17;
MG;3132008;Itacambira;11,89;
MG;3132107;Itacarambi;14,41;
MG;3132206;Itaguara;5,16;
MG;3132305;Itaipé;19,44;
MG;3132404;Itajubá;2,68000000000001;
MG;3132503;Itamarandiba;13,43;
MG;3132602;Itamarati de Minas;5,77;
MG;3132701;Itambacuri;16,42;
MG;3132800;Itambé do Mato Dentro;14,72;
MG;3132909;Itamogi;6,34999999999999;
MG;3133006;Itamonte;3,09;
MG;3133105;Itanhandu;3,45;
MG;3133204;Itanhomi;12,11;
MG;3133303;Itaobim;15,51;
MG;3133402;Itapagipe;4,66;
MG;3133501;Itapecerica;7;
MG;3133600;Itapeva;5,94;
MG;3133709;Itatiaiuçu;6,13;
MG;3133758;Itaú de Minas;3,45;
MG;3133808;Itaúna;2,72;
MG;3133907;Itaverava;11,73;
MG;3134004;Itinga;14,48;
MG;3134103;Itueta;11,57;
MG;3134202;Ituiutaba;5,42;
MG;3134301;Itumirim;4,67;
MG;3134400;Iturama;6,23;
MG;3134509;Itutinga;5,70999999999999;
MG;3134608;Jaboticatubas;6,44;
MG;3134707;Jacinto;17,77;
MG;3134806;Jacuí;7,42;
MG;3134905;Jacutinga;4,78;
MG;3135001;Jaguaraçu;8,97;
MG;3135050;Jaíba;11,92;
MG;3135076;Jampruca;17,77;
MG;3135100;Janaúba;9,14;
MG;3135209;Januária;10,34;
MG;3135308;Japaraíba;5,06;
MG;3135357;Japonvar;15,24;
MG;3135407;Jeceaba;6,09999999999999;
MG;3135456;Jenipapo de Minas;18,09;
MG;3135506;Jequeri;12,28;
MG;3135605;Jequitaí;12,1;
MG;3135704;Jequitibá;6,98999999999999;
MG;3135803;Jequitinhonha;16,7;
MG;3135902;Jesuânia;8,12;
MG;3136009;Joaíma;20,93;
MG;3136108;Joanésia;12,54;
MG;3136207;João Monlevade;3,12;
MG;3136306;João Pinheiro;6,70999999999999;
MG;3136405;Joaquim Felício;12,44;
MG;3136504;Jordânia;15,78;
MG;3136520;José Gonçalves de Minas;13,62;
MG;3136553;José Raydan;14,61;
MG;3136579;Josenópolis;18;
MG;3136603;Nova União;9,45999999999999;
MG;3136652;Juatuba;5,70999999999999;
MG;3136702;Juiz de Fora;2,27;
MG;3136801;Juramento;11,38;
MG;3136900;Juruaia;4,13;
MG;3136959;Juvenília;14,4;
MG;3137007;Ladainha;21,91;
MG;3137106;Lagamar;7,12;
MG;3137205;Lagoa da Prata;4,70999999999999;
MG;3137304;Lagoa dos Patos;10,48;
MG;3137403;Lagoa Dourada;4,87;
MG;3137502;Lagoa Formosa;5,55;
MG;3137536;Lagoa Grande;7,38;
MG;3137601;Lagoa Santa;2,51000000000001;
MG;3137700;Lajinha;10,42;
MG;3137809;Lambari;4,06;
MG;3137908;Lamim;6,92;
MG;3138005;Laranjal;3,48999999999999;
MG;3138104;Lassance;9,44;
MG;3138203;Lavras;2,56999999999999;
MG;3138302;Leandro Ferreira;7,66;
MG;3138351;Leme do Prado;12;
MG;3138401;Leopoldina;4,73999999999999;
MG;3138500;Liberdade;9,48;
MG;3138609;Lima Duarte;6,18000000000001;
MG;3138625;Limeira do Oeste;6,02;
MG;3138658;Lontra;15,34;
MG;3138674;Luisburgo;9,66;
MG;3138682;Luislândia;11,4;
MG;3138708;Luminárias;6,06;
MG;3138807;Luz;5,56999999999999;
MG;3138906;Machacalis;15,29;
MG;3139003;Machado;5,69;
MG;3139102;Madre de Deus de Minas;6,8;
MG;3139201;Malacacheta;18,97;
MG;3139250;Mamonas;21,75;
MG;3139300;Manga;15,24;
MG;3139409;Manhuaçu;5,28;
MG;3139508;Manhumirim;8,08;
MG;3139607;Mantena;11,97;
MG;3139706;Maravilhas;5,53;
MG;3139805;Mar de Espanha;5,18000000000001;
MG;3139904;Maria da Fé;5,78;
MG;3140001;Mariana;4,5;
MG;3140100;Marilac;14,53;
MG;3140159;Mário Campos;5,11;
MG;3140209;Maripá de Minas;7,22;
MG;3140308;Marliéria;8,7;
MG;3140407;Marmelópolis;6,98999999999999;
MG;3140506;Martinho Campos;6,08;
MG;3140530;Martins Soares;11,16;
MG;3140555;Mata Verde;19,54;
MG;3140605;Materlândia;16,19;
MG;3140704;Mateus Leme;5,87;
MG;3140803;Matias Barbosa;4,78;
MG;3140852;Matias Cardoso;18,82;
MG;3140902;Matipó;12,03;
MG;3141009;Mato Verde;16,67;
MG;3141108;Matozinhos;4,31;
MG;3141207;Matutina;8,84;
MG;3141306;Medeiros;4,75;
MG;3141405;Medina;14,45;
MG;3141504;Mendes Pimentel;17,34;
MG;3141603;Mercês;8,97;
MG;3141702;Mesquita;11,5;
MG;3141801;Minas Novas;19,81;
MG;3141900;Minduri;7,34;
MG;3142007;Mirabela;11,47;
MG;3142106;Miradouro;10,94;
MG;3142205;Miraí;5,47;
MG;3142254;Miravânia;19,59;
MG;3142304;Moeda;6,38;
MG;3142403;Moema;4,72;
MG;3142502;Monjolos;12,39;
MG;3142601;Monsenhor Paulo;7,45;
MG;3142700;Montalvânia;16,65;
MG;3142809;Monte Alegre de Minas;7,48999999999999;
MG;3142908;Monte Azul;17,9;
MG;3143005;Monte Belo;6,53;
MG;3143104;Monte Carmelo;5,83;
MG;3143153;Monte Formoso;20,85;
MG;3143203;Monte Santo de Minas;8,02;
MG;3143302;Montes Claros;4,36;
MG;3143401;Monte Sião;4,56999999999999;
MG;3143450;Montezuma;17,32;
MG;3143500;Morada Nova de Minas;5,41;
MG;3143609;Morro da Garça;8,73;
MG;3143708;Morro do Pilar;14,22;
MG;3143807;Munhoz;8,51000000000001;
MG;3143906;Muriaé;4,83;
MG;3144003;Mutum;12,31;
MG;3144102;Muzambinho;4,15000000000001;
MG;3144201;Nacip Raydan;18,92;
MG;3144300;Nanuque;11,5;
MG;3144359;Naque;10,66;
MG;3144375;Natalândia;9,25;
MG;3144409;Natércia;6,89;
MG;3144508;Nazareno;5,58;
MG;3144607;Nepomuceno;8,03;
MG;3144656;Ninheira;22,79;
MG;3144672;Nova Belém;17,02;
MG;3144706;Nova Era;6,39;
MG;3144805;Nova Lima;2,22;
MG;3144904;Nova Módica;17,16;
MG;3145000;Nova Ponte;5,59999999999999;
MG;3145059;Nova Porteirinha;13,71;
MG;3145109;Nova Resende;6,5;
MG;3145208;Nova Serrana;3,81999999999999;
MG;3145307;Novo Cruzeiro;21,8;
MG;3145356;Novo Oriente de Minas;23,21;
MG;3145372;Novorizonte;14,84;
MG;3145406;Olaria;8,70999999999999;
MG;3145455;Olhos-d'Água;10,94;
MG;3145505;Olímpio Noronha;9,75;
MG;3145604;Oliveira;4,77;
MG;3145703;Oliveira Fortes;11,7;
MG;3145802;Onça de Pitangui;9,31999999999999;
MG;3145851;Oratórios;12,01;
MG;3145877;Orizânia;9,87;
MG;3145901;Ouro Branco;3,93000000000001;
MG;3146008;Ouro Fino;6;
MG;3146107;Ouro Preto;3,87;
MG;3146206;Ouro Verde de Minas;17,92;
MG;3146255;Padre Carvalho;20,48;
MG;3146305;Padre Paraíso;16,97;
MG;3146404;Paineiras;6,47;
MG;3146503;Pains;4,19;
MG;3146552;Pai Pedro;22,58;
MG;3146602;Paiva;5,90000000000001;
MG;3146701;Palma;7,56;
MG;3146750;Palmópolis;22,23;
MG;3146909;Papagaios;6,15000000000001;
MG;3147006;Paracatu;4,27;
MG;3147105;Pará de Minas;3,09;
MG;3147204;Paraguaçu;4,67;
MG;3147303;Paraisópolis;5,03;
MG;3147402;Paraopeba;4,19;
MG;3147501;Passabém;13,59;
MG;3147600;Passa Quatro;3,69;
MG;3147709;Passa Tempo;5;
MG;3147808;Passa-Vinte;7,73999999999999;
MG;3147907;Passos;3,87;
MG;3147956;Patis;14,99;
MG;3148004;Patos de Minas;3,38;
MG;3148103;Patrocínio;4,66;
MG;3148202;Patrocínio do Muriaé;5,45999999999999;
MG;3148301;Paula Cândido;7,47;
MG;3148400;Paulistas;12,96;
MG;3148509;Pavão;19,37;
MG;3148608;Peçanha;14,28;
MG;3148707;Pedra Azul;14,35;
MG;3148756;Pedra Bonita;10,09;
MG;3148806;Pedra do Anta;13,74;
MG;3148905;Pedra do Indaiá;6,39;
MG;3149002;Pedra Dourada;8,11;
MG;3149101;Pedralva;7,39;
MG;3149150;Pedras de Maria da Cruz;17,46;
MG;3149200;Pedrinópolis;4,59999999999999;
MG;3149309;Pedro Leopoldo;3,68000000000001;
MG;3149408;Pedro Teixeira;6,2;
MG;3149507;Pequeri;4,40000000000001;
MG;3149606;Pequi;5,7;
MG;3149705;Perdigão;5,70999999999999;
MG;3149804;Perdizes;6,23;
MG;3149903;Perdões;5,64;
MG;3149952;Periquito;13,01;
MG;3150000;Pescador;17,31;
MG;3150109;Piau;6,59999999999999;
MG;3150158;Piedade de Caratinga;11,77;
MG;3150208;Piedade de Ponte Nova;12,28;
MG;3150307;Piedade do Rio Grande;9,95999999999999;
MG;3150406;Piedade dos Gerais;8,17;
MG;3150505;Pimenta;5,59999999999999;
MG;3150539;Pingo-d'Água;12,48;
MG;3150570;Pintópolis;12,77;
MG;3150604;Piracema;7,72;
MG;3150703;Pirajuba;7,58;
MG;3150802;Piranga;9,78;
MG;3150901;Piranguçu;7,41;
MG;3151008;Piranguinho;4,42;
MG;3151107;Pirapetinga;5,39;
MG;3151206;Pirapora;4,56;
MG;3151305;Piraúba;5,8;
MG;3151404;Pitangui;4,67;
MG;3151503;Piumhi;3,91;
MG;3151602;Planura;4,98;
MG;3151701;Poço Fundo;4,59999999999999;
MG;3151800;Poços de Caldas;2,51000000000001;
MG;3151909;Pocrane;11,87;
MG;3152006;Pompéu;6,68000000000001;
MG;3152105;Ponte Nova;5,29000000000001;
MG;3152131;Ponto Chique;12,13;
MG;3152170;Ponto dos Volantes;19,74;
MG;3152204;Porteirinha;15,5;
MG;3152303;Porto Firme;8,25;
MG;3152402;Poté;17,04;
MG;3152501;Pouso Alegre;2,94;
MG;3152600;Pouso Alto;4,59;
MG;3152709;Prados;5,51000000000001;
MG;3152808;Prata;6,17;
MG;3152907;Pratápolis;5,03;
MG;3153004;Pratinha;8,83;
MG;3153103;Presidente Bernardes;8,95999999999999;
MG;3153202;Presidente Juscelino;12,97;
MG;3153301;Presidente Kubitschek;8,81;
MG;3153400;Presidente Olegário;7,31;
MG;3153509;Alto Jequitibá;6,59;
MG;3153608;Prudente de Morais;3,83;
MG;3153707;Quartel Geral;8,26000000000001;
MG;3153806;Queluzito;6,98;
MG;3153905;Raposos;4,14;
MG;3154002;Raul Soares;10,12;
MG;3154101;Recreio;5,36;
MG;3154150;Reduto;8,26000000000001;
MG;3154200;Resende Costa;4,48;
MG;3154309;Resplendor;10,38;
MG;3154408;Ressaquinha;7,04000000000001;
MG;3154457;Riachinho;11,2;
MG;3154507;Riacho dos Machados;15,31;
MG;3154606;Ribeirão das Neves;5,14;
MG;3154705;Ribeirão Vermelho;2,41;
MG;3154804;Rio Acima;4,73999999999999;
MG;3154903;Rio Casca;8,45999999999999;
MG;3155009;Rio Doce;10,29;
MG;3155108;Rio do Prado;19,43;
MG;3155207;Rio Espera;10,66;
MG;3155306;Rio Manso;6,34999999999999;
MG;3155405;Rio Novo;6,40000000000001;
MG;3155504;Rio Paranaíba;5,29000000000001;
MG;3155603;Rio Pardo de Minas;17,15;
MG;3155702;Rio Piracicaba;6,37;
MG;3155801;Rio Pomba;5,34999999999999;
MG;3155900;Rio Preto;7,20999999999999;
MG;3156007;Rio Vermelho;16,44;
MG;3156106;Ritápolis;6,84999999999999;
MG;3156205;Rochedo de Minas;6,77;
MG;3156304;Rodeiro;4,90000000000001;
MG;3156403;Romaria;6,84999999999999;
MG;3156452;Rosário da Limeira;9,7;
MG;3156502;Rubelita;20;
MG;3156601;Rubim;16,65;
MG;3156700;Sabará;4,23;
MG;3156809;Sabinópolis;11,15;
MG;3156908;Sacramento;4,47;
MG;3157005;Salinas;12;
MG;3157104;Salto da Divisa;18,13;
MG;3157203;Santa Bárbara;4,79000000000001;
MG;3157252;Santa Bárbara do Leste;8,48999999999999;
MG;3157278;Santa Bárbara do Monte Verde;8,41;
MG;3157302;Santa Bárbara do Tugúrio;8,97;
MG;3157336;Santa Cruz de Minas;4,62;
MG;3157377;Santa Cruz de Salinas;21,57;
MG;3157401;Santa Cruz do Escalvado;8,83;
MG;3157500;Santa Efigênia de Minas;16,6;
MG;3157609;Santa Fé de Minas;11,72;
MG;3157658;Santa Helena de Minas;21,98;
MG;3157708;Santa Juliana;5,55;
MG;3157807;Santa Luzia;3,98999999999999;
MG;3157906;Santa Margarida;7,44;
MG;3158003;Santa Maria de Itabira;9,69;
MG;3158102;Santa Maria do Salto;20,89;
MG;3158201;Santa Maria do Suaçuí;17,62;
MG;3158300;Santana da Vargem;7,88;
MG;3158409;Santana de Cataguases;5,63;
MG;3158508;Santana de Pirapama;10,45;
MG;3158607;Santana do Deserto;6,22;
MG;3158706;Santana do Garambéu;11,1;
MG;3158805;Santana do Jacaré;10,18;
MG;3158904;Santana do Manhuaçu;11,12;
MG;3158953;Santana do Paraíso;3,88;
MG;3159001;Santana do Riacho;8,62;
MG;3159100;Santana dos Montes;6,75;
MG;3159209;Santa Rita de Caldas;5,15000000000001;
MG;3159308;Santa Rita de Jacutinga;6,63;
MG;3159357;Santa Rita de Minas;9,59999999999999;
MG;3159407;Santa Rita de Ibitipoca;10,16;
MG;3159506;Santa Rita do Itueto;13,37;
MG;3159605;Santa Rita do Sapucaí;5,33;
MG;3159704;Santa Rosa da Serra;9,39;
MG;3159803;Santa Vitória;6,93000000000001;
MG;3159902;Santo Antônio do Amparo;10,54;
MG;3160009;Santo Antônio do Aventureiro;7,86;
MG;3160108;Santo Antônio do Grama;10,4;
MG;3160207;Santo Antônio do Itambé;21,53;
MG;3160306;Santo Antônio do Jacinto;23,06;
MG;3160405;Santo Antônio do Monte;4,70999999999999;
MG;3160454;Santo Antônio do Retiro;22,27;
MG;3160504;Santo Antônio do Rio Abaixo;9,2;
MG;3160603;Santo Hipólito;11,32;
MG;3160702;Santos Dumont;5,34;
MG;3160801;São Bento Abade;9,84;
MG;3160900;São Brás do Suaçuí;3,63;
MG;3160959;São Domingos das Dores;10,03;
MG;3161007;São Domingos do Prata;8,67;
MG;3161056;São Félix de Minas;16,99;
MG;3161106;São Francisco;11,46;
MG;3161205;São Francisco de Paula;10,86;
MG;3161304;São Francisco de Sales;7,13;
MG;3161403;São Francisco do Glória;9,63;
MG;3161502;São Geraldo;7,47;
MG;3161601;São Geraldo da Piedade;14,55;
MG;3161650;São Geraldo do Baixio;14,82;
MG;3161700;São Gonçalo do Abaeté;8,52;
MG;3161809;São Gonçalo do Pará;4,67;
MG;3161908;São Gonçalo do Rio Abaixo;7,31999999999999;
MG;3162005;São Gonçalo do Sapucaí;5,18000000000001;
MG;3162104;São Gotardo;5,14;
MG;3162203;São João Batista do Glória;5,22;
MG;3162252;São João da Lagoa;9,58;
MG;3162302;São João da Mata;5,2;
MG;3162401;São João da Ponte;19,13;
MG;3162450;São João das Missões;17,66;
MG;3162500;São João del Rei;3,01000000000001;
MG;3162559;São João do Manhuaçu;8,68000000000001;
MG;3162575;São João do Manteninha;13,04;
MG;3162609;São João do Oriente;13,37;
MG;3162658;São João do Pacuí;15,34;
MG;3162708;São João do Paraíso;21,28;
MG;3162807;São João Evangelista;11,41;
MG;3162906;São João Nepomuceno;3,04000000000001;
MG;3162922;São Joaquim de Bicas;6,92;
MG;3162948;São José da Barra;5,18000000000001;
MG;3162955;São José da Lapa;3,72;
MG;3163003;São José da Safira;16,8;
MG;3163102;São José da Varginha;5,75;
MG;3163201;São José do Alegre;4,19;
MG;3163300;São José do Divino;16,59;
MG;3163409;São José do Goiabal;10,48;
MG;3163508;São José do Jacuri;16,18;
MG;3163607;São José do Mantimento;10,51;
MG;3163706;São Lourenço;2,78;
MG;3163805;São Miguel do Anta;11,06;
MG;3163904;São Pedro da União;6,23999999999999;
MG;3164001;São Pedro dos Ferros;10,31;
MG;3164100;São Pedro do Suaçuí;14,09;
MG;3164209;São Romão;9,14;
MG;3164308;São Roque de Minas;5,81999999999999;
MG;3164407;São Sebastião da Bela Vista;8,89;
MG;3164431;São Sebastião da Vargem Alegre;6,63;
MG;3164472;São Sebastião do Anta;13,63;
MG;3164506;São Sebastião do Maranhão;17,95;
MG;3164605;São Sebastião do Oeste;6,41;
MG;3164704;São Sebastião do Paraíso;4,39;
MG;3164803;São Sebastião do Rio Preto;7,86;
MG;3164902;São Sebastião do Rio Verde;4,09;
MG;3165008;São Tiago;5,37;
MG;3165107;São Tomás de Aquino;7,61;
MG;3165206;São Thomé das Letras;7,61;
MG;3165305;São Vicente de Minas;4,86;
MG;3165404;Sapucaí-Mirim;7,39;
MG;3165503;Sardoá;13,54;
MG;3165537;Sarzedo;3,45999999999999;
MG;3165552;Setubinha;24,64;
MG;3165560;Sem-Peixe;11,67;
MG;3165578;Senador Amaral;7,63;
MG;3165602;Senador Cortes;8,59999999999999;
MG;3165701;Senador Firmino;6,3;
MG;3165800;Senador José Bento;5,81999999999999;
MG;3165909;Senador Modestino Gonçalves;15,1;
MG;3166006;Senhora de Oliveira;8,55;
MG;3166105;Senhora do Porto;15,02;
MG;3166204;Senhora dos Remédios;7,40000000000001;
MG;3166303;Sericita;12,7;
MG;3166402;Seritinga;5,26000000000001;
MG;3166501;Serra Azul de Minas;21,77;
MG;3166600;Serra da Saudade;7,78;
MG;3166709;Serra dos Aimorés;14,54;
MG;3166808;Serra do Salitre;4,93000000000001;
MG;3166907;Serrania;9,19;
MG;3166956;Serranópolis de Minas;17,36;
MG;3167004;Serranos;9,25;
MG;3167103;Serro;11,71;
MG;3167202;Sete Lagoas;3,08;
MG;3167301;Silveirânia;9,11;
MG;3167400;Silvianópolis;9,42;
MG;3167509;Simão Pereira;4,98;
MG;3167608;Simonésia;10,73;
MG;3167707;Sobrália;14,63;
MG;3167806;Soledade de Minas;4,88;
MG;3167905;Tabuleiro;8,56999999999999;
MG;3168002;Taiobeiras;14,03;
MG;3168051;Taparuba;14,11;
MG;3168101;Tapira;4,58;
MG;3168200;Tapiraí;8,68000000000001;
MG;3168309;Taquaraçu de Minas;8,11;
MG;3168408;Tarumirim;11,57;
MG;3168507;Teixeiras;9,14;
MG;3168606;Teófilo Otoni;9,81999999999999;
MG;3168705;Timóteo;3,55;
MG;3168804;Tiradentes;4,73999999999999;
MG;3168903;Tiros;5,22;
MG;3169000;Tocantins;6,13;
MG;3169059;Tocos do Moji;8,04000000000001;
MG;3169109;Toledo;9,34;
MG;3169208;Tombos;6,81999999999999;
MG;3169307;Três Corações;5,22;
MG;3169356;Três Marias;5,98999999999999;
MG;3169406;Três Pontas;5,91;
MG;3169505;Tumiritinga;10,95;
MG;3169604;Tupaciguara;5,81;
MG;3169703;Turmalina;10,37;
MG;3169802;Turvolândia;6,23;
MG;3169901;Ubá;3,84;
MG;3170008;Ubaí;13,12;
MG;3170057;Ubaporanga;10,12;
MG;3170107;Uberaba;3,17;
MG;3170206;Uberlândia;2,87;
MG;3170305;Umburatiba;20,09;
MG;3170404;Unaí;5,34999999999999;
MG;3170438;União de Minas;10,99;
MG;3170479;Uruana de Minas;11,92;
MG;3170503;Urucânia;12,63;
MG;3170529;Urucuia;7,67;
MG;3170578;Vargem Alegre;14,65;
MG;3170602;Vargem Bonita;4,52;
MG;3170651;Vargem Grande do Rio Pardo;19,24;
MG;3170701;Varginha;3,42;
MG;3170750;Varjão de Minas;5,48999999999999;
MG;3170800;Várzea da Palma;8,08;
MG;3170909;Varzelândia;18,09;
MG;3171006;Vazante;4,16;
MG;3171030;Verdelândia;17,06;
MG;3171071;Veredinha;17,02;
MG;3171105;Veríssimo;7,45;
MG;3171154;Vermelho Novo;9,36;
MG;3171204;Vespasiano;4,01000000000001;
MG;3171303;Viçosa;4,36;
MG;3171402;Vieiras;8,03;
MG;3171501;Mathias Lobato;13,04;
MG;3171600;Virgem da Lapa;14,46;
MG;3171709;Virgínia;8,65000000000001;
MG;3171808;Virginópolis;7,89;
MG;3171907;Virgolândia;16,5;
MG;3172004;Visconde do Rio Branco;5,98999999999999;
MG;3172103;Volta Grande;7,34;
MG;3172202;Wenceslau Braz;6,54000000000001;
