Sigla;Código;Município;esperança_vida;
MG;3100104;Abadia dos Dourados;75,35;
MG;3100203;Abaeté;75,9;
MG;3100302;Abre Campo;74,36;
MG;3100401;Acaiaca;74,36;
MG;3100500;Açucena;75,66;
MG;3100609;Água Boa;72,94;
MG;3100708;Água Comprida;76,58;
MG;3100807;Aguanil;75,7;
MG;3100906;Águas Formosas;73,63;
MG;3101003;Águas Vermelhas;73,46;
MG;3101102;Aimorés;73,58;
MG;3101201;Aiuruoca;77,23;
MG;3101300;Alagoa;74,93;
MG;3101409;Albertina;73,76;
MG;3101508;Além Paraíba;76,43;
MG;3101607;Alfenas;75,45;
MG;3101631;Alfredo Vasconcelos;75,01;
MG;3101706;Almenara;73,18;
MG;3101805;Alpercata;74,43;
MG;3101904;Alpinópolis;76,71;
MG;3102001;Alterosa;75,83;
MG;3102050;Alto Caparaó;75,54;
MG;3102100;Alto Rio Doce;74,7;
MG;3102209;Alvarenga;72,85;
MG;3102308;Alvinópolis;74,34;
MG;3102407;Alvorada de Minas;72,65;
MG;3102506;Amparo do Serra;73,63;
MG;3102605;Andradas;77,69;
MG;3102704;Cachoeira de Pajeú;71,25;
MG;3102803;Andrelândia;74,06;
MG;3102852;Angelândia;70,36;
MG;3102902;Antônio Carlos;75,3;
MG;3103009;Antônio Dias;75,93;
MG;3103108;Antônio Prado de Minas;74,79;
MG;3103207;Araçaí;73,28;
MG;3103306;Aracitaba;74,37;
MG;3103405;Araçuaí;74,27;
MG;3103504;Araguari;77,28;
MG;3103603;Arantina;75,05;
MG;3103702;Araponga;70,6;
MG;3103751;Araporã;73,78;
MG;3103801;Arapuá;77,27;
MG;3103900;Araújos;76,27;
MG;3104007;Araxá;76,49;
MG;3104106;Arceburgo;73,61;
MG;3104205;Arcos;77,43;
MG;3104304;Areado;75,84;
MG;3104403;Argirita;74;
MG;3104452;Aricanduva;72,22;
MG;3104502;Arinos;73,88;
MG;3104601;Astolfo Dutra;76,5;
MG;3104700;Ataléia;73,77;
MG;3104809;Augusto de Lima;73,9;
MG;3104908;Baependi;74,97;
MG;3105004;Baldim;72,21;
MG;3105103;Bambuí;77,2;
MG;3105202;Bandeira;73,64;
MG;3105301;Bandeira do Sul;73,14;
MG;3105400;Barão de Cocais;76,46;
MG;3105509;Barão de Monte Alto;74,64;
MG;3105608;Barbacena;77,88;
MG;3105707;Barra Longa;74,36;
MG;3105905;Barroso;76,84;
MG;3106002;Bela Vista de Minas;72,72;
MG;3106101;Belmiro Braga;74,81;
MG;3106200;Belo Horizonte;76,37;
MG;3106309;Belo Oriente;73,77;
MG;3106408;Belo Vale;73,86;
MG;3106507;Berilo;73,97;
MG;3106606;Bertópolis;72,96;
MG;3106655;Berizal;70,41;
MG;3106705;Betim;76,82;
MG;3106804;Bias Fortes;72,75;
MG;3106903;Bicas;75,99;
MG;3107000;Biquinhas;76,4;
MG;3107109;Boa Esperança;76,28;
MG;3107208;Bocaina de Minas;75,87;
MG;3107307;Bocaiúva;74,29;
MG;3107406;Bom Despacho;76,66;
MG;3107505;Bom Jardim de Minas;74,34;
MG;3107604;Bom Jesus da Penha;76,74;
MG;3107703;Bom Jesus do Amparo;75,01;
MG;3107802;Bom Jesus do Galho;73,01;
MG;3107901;Bom Repouso;74,25;
MG;3108008;Bom Sucesso;73,49;
MG;3108107;Bonfim;75,01;
MG;3108206;Bonfinópolis de Minas;72,73;
MG;3108255;Bonito de Minas;71,57;
MG;3108305;Borda da Mata;76,92;
MG;3108404;Botelhos;77,07;
MG;3108503;Botumirim;71,94;
MG;3108552;Brasilândia de Minas;75,87;
MG;3108602;Brasília de Minas;73,78;
MG;3108701;Brás Pires;73,03;
MG;3108800;Braúnas;73,1;
MG;3108909;Brasópolis;75,45;
MG;3109006;Brumadinho;76,39;
MG;3109105;Bueno Brandão;75,9;
MG;3109204;Buenópolis;72,74;
MG;3109253;Bugre;73,01;
MG;3109303;Buritis;73,88;
MG;3109402;Buritizeiro;71,06;
MG;3109451;Cabeceira Grande;72,25;
MG;3109501;Cabo Verde;75,82;
MG;3109600;Cachoeira da Prata;75,02;
MG;3109709;Cachoeira de Minas;74,25;
MG;3109808;Cachoeira Dourada;76,02;
MG;3109907;Caetanópolis;75,71;
MG;3110004;Caeté;75,62;
MG;3110103;Caiana;74,98;
MG;3110202;Cajuri;73,26;
MG;3110301;Caldas;77,35;
MG;3110400;Camacho;75,38;
MG;3110509;Camanducaia;75,22;
MG;3110608;Cambuí;77,33;
MG;3110707;Cambuquira;76,34;
MG;3110806;Campanário;74,85;
MG;3110905;Campanha;75,93;
MG;3111002;Campestre;75,59;
MG;3111101;Campina Verde;77,06;
MG;3111150;Campo Azul;72,96;
MG;3111200;Campo Belo;77,1;
MG;3111309;Campo do Meio;74,61;
MG;3111408;Campo Florido;76,46;
MG;3111507;Campos Altos;76,62;
MG;3111606;Campos Gerais;74,27;
MG;3111705;Canaã;72,88;
MG;3111804;Canápolis;77,32;
MG;3111903;Cana Verde;74,25;
MG;3112000;Candeias;74,81;
MG;3112059;Cantagalo;73,94;
MG;3112109;Caparaó;75,16;
MG;3112208;Capela Nova;72,84;
MG;3112307;Capelinha;74,41;
MG;3112406;Capetinga;75,88;
MG;3112505;Capim Branco;75,19;
MG;3112604;Capinópolis;75,47;
MG;3112653;Capitão Andrade;73,28;
MG;3112703;Capitão Enéas;73,37;
MG;3112802;Capitólio;74,51;
MG;3112901;Caputira;73,53;
MG;3113008;Caraí;71,88;
MG;3113107;Caranaíba;73,44;
MG;3113206;Carandaí;74,27;
MG;3113305;Carangola;75,19;
MG;3113404;Caratinga;75,16;
MG;3113503;Carbonita;72,74;
MG;3113602;Careaçu;74,41;
MG;3113701;Carlos Chagas;74,55;
MG;3113800;Carmésia;73,28;
MG;3113909;Carmo da Cachoeira;73,03;
MG;3114006;Carmo da Mata;75,41;
MG;3114105;Carmo de Minas;75,71;
MG;3114204;Carmo do Cajuru;76,16;
MG;3114303;Carmo do Paranaíba;76,63;
MG;3114402;Carmo do Rio Claro;76,01;
MG;3114501;Carmópolis de Minas;75,99;
MG;3114550;Carneirinho;77,37;
MG;3114600;Carrancas;77,59;
MG;3114709;Carvalhópolis;75,98;
MG;3114808;Carvalhos;74,2;
MG;3114907;Casa Grande;74,39;
MG;3115003;Cascalho Rico;75,72;
MG;3115102;Cássia;75,22;
MG;3115201;Conceição da Barra de Minas;73,91;
MG;3115300;Cataguases;76,68;
MG;3115359;Catas Altas;74,65;
MG;3115409;Catas Altas da Noruega;72,96;
MG;3115458;Catuji;71,23;
MG;3115474;Catuti;71,38;
MG;3115508;Caxambu;75,85;
MG;3115607;Cedro do Abaeté;73,04;
MG;3115706;Central de Minas;74,37;
MG;3115805;Centralina;76,19;
MG;3115904;Chácara;77,66;
MG;3116001;Chalé;72,21;
MG;3116100;Chapada do Norte;72,86;
MG;3116159;Chapada Gaúcha;74,22;
MG;3116209;Chiador;77,05;
MG;3116308;Cipotânea;69,97;
MG;3116407;Claraval;75,88;
MG;3116506;Claro dos Poções;72,96;
MG;3116605;Cláudio;75,75;
MG;3116704;Coimbra;74,49;
MG;3116803;Coluna;71,91;
MG;3116902;Comendador Gomes;76,01;
MG;3117009;Comercinho;72,83;
MG;3117108;Conceição da Aparecida;75,83;
MG;3117207;Conceição das Pedras;74,25;
MG;3117306;Conceição das Alagoas;76,72;
MG;3117405;Conceição de Ipanema;74,51;
MG;3117504;Conceição do Mato Dentro;72,65;
MG;3117603;Conceição do Pará;75,97;
MG;3117702;Conceição do Rio Verde;75,01;
MG;3117801;Conceição dos Ouros;75,49;
MG;3117836;Cônego Marinho;72,96;
MG;3117876;Confins;74,79;
MG;3117900;Congonhal;75,81;
MG;3118007;Congonhas;77,59;
MG;3118106;Congonhas do Norte;69,74;
MG;3118205;Conquista;77,59;
MG;3118304;Conselheiro Lafaiete;76,62;
MG;3118403;Conselheiro Pena;75,24;
MG;3118502;Consolação;73,36;
MG;3118601;Contagem;74,94;
MG;3118700;Coqueiral;75,26;
MG;3118809;Coração de Jesus;73,48;
MG;3118908;Cordisburgo;72,17;
MG;3119005;Cordislândia;73,39;
MG;3119104;Corinto;75,49;
MG;3119203;Coroaci;73,64;
MG;3119302;Coromandel;76,57;
MG;3119401;Coronel Fabriciano;76,88;
MG;3119500;Coronel Murta;72,05;
MG;3119609;Coronel Pacheco;72,36;
MG;3119708;Coronel Xavier Chaves;74,4;
MG;3119807;Córrego Danta;75,61;
MG;3119906;Córrego do Bom Jesus;75,4;
MG;3119955;Córrego Fundo;72,67;
MG;3120003;Córrego Novo;73,32;
MG;3120102;Couto de Magalhães de Minas;73,4;
MG;3120151;Crisólita;72,96;
MG;3120201;Cristais;76,54;
MG;3120300;Cristália;72,71;
MG;3120409;Cristiano Otoni;74,39;
MG;3120508;Cristina;75,53;
MG;3120607;Crucilândia;73,97;
MG;3120706;Cruzeiro da Fortaleza;74,94;
MG;3120805;Cruzília;76,17;
MG;3120839;Cuparaque;72,85;
MG;3120870;Curral de Dentro;70,51;
MG;3120904;Curvelo;76,05;
MG;3121001;Datas;70,36;
MG;3121100;Delfim Moreira;75,2;
MG;3121209;Delfinópolis;77,31;
MG;3121258;Delta;73,46;
MG;3121308;Descoberto;72,85;
MG;3121407;Desterro de Entre Rios;73,14;
MG;3121506;Desterro do Melo;73,53;
MG;3121605;Diamantina;75,33;
MG;3121704;Diogo de Vasconcelos;73,63;
MG;3121803;Dionísio;74,24;
MG;3121902;Divinésia;72,11;
MG;3122009;Divino;74,36;
MG;3122108;Divino das Laranjeiras;73,64;
MG;3122207;Divinolândia de Minas;73,72;
MG;3122306;Divinópolis;75,63;
MG;3122355;Divisa Alegre;68,39;
MG;3122405;Divisa Nova;73,03;
MG;3122454;Divisópolis;73,1;
MG;3122470;Dom Bosco;73,88;
MG;3122504;Dom Cavati;72,03;
MG;3122603;Dom Joaquim;74,12;
MG;3122702;Dom Silvério;75,8;
MG;3122801;Dom Viçoso;74,12;
MG;3122900;Dona Eusébia;75,45;
MG;3123007;Dores de Campos;74,4;
MG;3123106;Dores de Guanhães;74,26;
MG;3123205;Dores do Indaiá;75,4;
MG;3123304;Dores do Turvo;74,75;
MG;3123403;Doresópolis;77,11;
MG;3123502;Douradoquara;75,84;
MG;3123528;Durandé;75,54;
MG;3123601;Elói Mendes;75,26;
MG;3123700;Engenheiro Caldas;73,91;
MG;3123809;Engenheiro Navarro;72,44;
MG;3123858;Entre Folhas;72,5;
MG;3123908;Entre Rios de Minas;73,14;
MG;3124005;Ervália;74,7;
MG;3124104;Esmeraldas;74,31;
MG;3124203;Espera Feliz;75,77;
MG;3124302;Espinosa;73,26;
MG;3124401;Espírito Santo do Dourado;75,81;
MG;3124500;Estiva;75,9;
MG;3124609;Estrela Dalva;77,04;
MG;3124708;Estrela do Indaiá;77,49;
MG;3124807;Estrela do Sul;75,4;
MG;3124906;Eugenópolis;75,77;
MG;3125002;Ewbank da Câmara;74,37;
MG;3125101;Extrema;75,95;
MG;3125200;Fama;76,77;
MG;3125309;Faria Lemos;73;
MG;3125408;Felício dos Santos;72,61;
MG;3125507;São Gonçalo do Rio Preto;73,91;
MG;3125606;Felisburgo;69,66;
MG;3125705;Felixlândia;73,9;
MG;3125804;Fernandes Tourinho;73,43;
MG;3125903;Ferros;74,24;
MG;3125952;Fervedouro;72,73;
MG;3126000;Florestal;75,69;
MG;3126109;Formiga;77,43;
MG;3126208;Formoso;75,04;
MG;3126307;Fortaleza de Minas;73,31;
MG;3126406;Fortuna de Minas;75,7;
MG;3126505;Francisco Badaró;72,57;
MG;3126604;Francisco Dumont;72,8;
MG;3126703;Francisco Sá;73,48;
MG;3126752;Franciscópolis;73,14;
MG;3126802;Frei Gaspar;72,96;
MG;3126901;Frei Inocêncio;71,72;
MG;3126950;Frei Lagonegro;69,96;
MG;3127008;Fronteira;77,28;
MG;3127057;Fronteira dos Vales;73,8;
MG;3127073;Fruta de Leite;72,5;
MG;3127107;Frutal;76,92;
MG;3127206;Funilândia;75,66;
MG;3127305;Galiléia;72,71;
MG;3127339;Gameleiras;72,74;
MG;3127354;Glaucilândia;73,72;
MG;3127370;Goiabeira;72,91;
MG;3127388;Goianá;75,1;
MG;3127404;Gonçalves;74,96;
MG;3127503;Gonzaga;71,44;
MG;3127602;Gouveia;74,98;
MG;3127701;Governador Valadares;75,06;
MG;3127800;Grão Mogol;72,44;
MG;3127909;Grupiara;75,64;
MG;3128006;Guanhães;74,22;
MG;3128105;Guapé;74,86;
MG;3128204;Guaraciaba;72,61;
MG;3128253;Guaraciama;73,4;
MG;3128303;Guaranésia;75,7;
MG;3128402;Guarani;75,96;
MG;3128501;Guarará;73,1;
MG;3128600;Guarda-Mor;74,76;
MG;3128709;Guaxupé;77,81;
MG;3128808;Guidoval;75,22;
MG;3128907;Guimarânia;74,51;
MG;3129004;Guiricema;73,74;
MG;3129103;Gurinhatã;76,88;
MG;3129202;Heliodora;74,29;
MG;3129301;Iapu;74,12;
MG;3129400;Ibertioga;75,01;
MG;3129509;Ibiá;77,62;
MG;3129608;Ibiaí;72,71;
MG;3129657;Ibiracatu;72,17;
MG;3129707;Ibiraci;76,28;
MG;3129806;Ibirité;75,41;
MG;3129905;Ibitiúra de Minas;73,14;
MG;3130002;Ibituruna;74,39;
MG;3130051;Icaraí de Minas;72,96;
MG;3130101;Igarapé;75,63;
MG;3130200;Igaratinga;75,54;
MG;3130309;Iguatama;74,51;
MG;3130408;Ijaci;75,37;
MG;3130507;Ilicínea;74,61;
MG;3130556;Imbé de Minas;69,66;
MG;3130606;Inconfidentes;75,59;
MG;3130655;Indaiabira;73,26;
MG;3130705;Indianópolis;75,06;
MG;3130804;Ingaí;76,45;
MG;3130903;Inhapim;74,72;
MG;3131000;Inhaúma;75,71;
MG;3131109;Inimutaba;73,61;
MG;3131158;Ipaba;74,72;
MG;3131208;Ipanema;75,87;
MG;3131307;Ipatinga;76,85;
MG;3131406;Ipiaçu;73,82;
MG;3131505;Ipuiúna;76,98;
MG;3131604;Iraí de Minas;75,84;
MG;3131703;Itabira;77,37;
MG;3131802;Itabirinha de Mantena;75,3;
MG;3131901;Itabirito;74,68;
MG;3132008;Itacambira;72,44;
MG;3132107;Itacarambi;72,22;
MG;3132206;Itaguara;75,14;
MG;3132305;Itaipé;70,52;
MG;3132404;Itajubá;78,06;
MG;3132503;Itamarandiba;72,86;
MG;3132602;Itamarati de Minas;75,45;
MG;3132701;Itambacuri;72,05;
MG;3132800;Itambé do Mato Dentro;74,39;
MG;3132909;Itamogi;73,61;
MG;3133006;Itamonte;76,17;
MG;3133105;Itanhandu;77,23;
MG;3133204;Itanhomi;74,85;
MG;3133303;Itaobim;72,19;
MG;3133402;Itapagipe;76,64;
MG;3133501;Itapecerica;75,73;
MG;3133600;Itapeva;77,69;
MG;3133709;Itatiaiuçu;75;
MG;3133758;Itaú de Minas;76,74;
MG;3133808;Itaúna;76,02;
MG;3133907;Itaverava;73,63;
MG;3134004;Itinga;72,83;
MG;3134103;Itueta;74,51;
MG;3134202;Ituiutaba;75,37;
MG;3134301;Itumirim;75,39;
MG;3134400;Iturama;75,88;
MG;3134509;Itutinga;77,67;
MG;3134608;Jaboticatubas;75,19;
MG;3134707;Jacinto;73,4;
MG;3134806;Jacuí;73,61;
MG;3134905;Jacutinga;76,82;
MG;3135001;Jaguaraçu;76,35;
MG;3135050;Jaíba;72,33;
MG;3135076;Jampruca;71,86;
MG;3135100;Janaúba;72,74;
MG;3135209;Januária;74,22;
MG;3135308;Japaraíba;75,62;
MG;3135357;Japonvar;72,17;
MG;3135407;Jeceaba;75,66;
MG;3135456;Jenipapo de Minas;72,59;
MG;3135506;Jequeri;72,61;
MG;3135605;Jequitaí;72,79;
MG;3135704;Jequitibá;76,26;
MG;3135803;Jequitinhonha;73,99;
MG;3135902;Jesuânia;74,88;
MG;3136009;Joaíma;72,36;
MG;3136108;Joanésia;73,2;
MG;3136207;João Monlevade;75,93;
MG;3136306;João Pinheiro;72,25;
MG;3136405;Joaquim Felício;74,44;
MG;3136504;Jordânia;72,82;
MG;3136520;José Gonçalves de Minas;70,81;
MG;3136553;José Raydan;72,94;
MG;3136579;Josenópolis;71,94;
MG;3136603;Nova União;74,06;
MG;3136652;Juatuba;75,94;
MG;3136702;Juiz de Fora;75,65;
MG;3136801;Juramento;73,48;
MG;3136900;Juruaia;76,61;
MG;3136959;Juvenília;71,57;
MG;3137007;Ladainha;70,26;
MG;3137106;Lagamar;75,31;
MG;3137205;Lagoa da Prata;74,89;
MG;3137304;Lagoa dos Patos;71,36;
MG;3137403;Lagoa Dourada;74,68;
MG;3137502;Lagoa Formosa;74,91;
MG;3137536;Lagoa Grande;73,72;
MG;3137601;Lagoa Santa;76,43;
MG;3137700;Lajinha;73,6;
MG;3137809;Lambari;77,23;
MG;3137908;Lamim;74,7;
MG;3138005;Laranjal;76,42;
MG;3138104;Lassance;72,71;
MG;3138203;Lavras;77,8;
MG;3138302;Leandro Ferreira;77,49;
MG;3138351;Leme do Prado;71,73;
MG;3138401;Leopoldina;77,04;
MG;3138500;Liberdade;75,01;
MG;3138609;Lima Duarte;76,68;
MG;3138625;Limeira do Oeste;75,04;
MG;3138658;Lontra;72,61;
MG;3138674;Luisburgo;73,53;
MG;3138682;Luislândia;72,96;
MG;3138708;Luminárias;74,27;
MG;3138807;Luz;75;
MG;3138906;Machacalis;71,96;
MG;3139003;Machado;75,9;
MG;3139102;Madre de Deus de Minas;76,38;
MG;3139201;Malacacheta;71,05;
MG;3139250;Mamonas;71,73;
MG;3139300;Manga;72,96;
MG;3139409;Manhuaçu;75,35;
MG;3139508;Manhumirim;75,74;
MG;3139607;Mantena;73,16;
MG;3139706;Maravilhas;75,7;
MG;3139805;Mar de Espanha;74,51;
MG;3139904;Maria da Fé;75,53;
MG;3140001;Mariana;77,43;
MG;3140100;Marilac;71,86;
MG;3140159;Mário Campos;74,99;
MG;3140209;Maripá de Minas;75,84;
MG;3140308;Marliéria;75,29;
MG;3140407;Marmelópolis;73,36;
MG;3140506;Martinho Campos;75,61;
MG;3140530;Martins Soares;73,53;
MG;3140555;Mata Verde;69,92;
MG;3140605;Materlândia;71,16;
MG;3140704;Mateus Leme;75,36;
MG;3140803;Matias Barbosa;76,73;
MG;3140852;Matias Cardoso;72,96;
MG;3140902;Matipó;71,8;
MG;3141009;Mato Verde;72,33;
MG;3141108;Matozinhos;76,82;
MG;3141207;Matutina;76,53;
MG;3141306;Medeiros;76,04;
MG;3141405;Medina;74,27;
MG;3141504;Mendes Pimentel;71,09;
MG;3141603;Mercês;74,85;
MG;3141702;Mesquita;72,76;
MG;3141801;Minas Novas;73,14;
MG;3141900;Minduri;73,32;
MG;3142007;Mirabela;72,61;
MG;3142106;Miradouro;74,64;
MG;3142205;Miraí;75,19;
MG;3142254;Miravânia;71,88;
MG;3142304;Moeda;73,01;
MG;3142403;Moema;75,87;
MG;3142502;Monjolos;74,16;
MG;3142601;Monsenhor Paulo;75,32;
MG;3142700;Montalvânia;72,96;
MG;3142809;Monte Alegre de Minas;75,86;
MG;3142908;Monte Azul;73,63;
MG;3143005;Monte Belo;75,82;
MG;3143104;Monte Carmelo;77,1;
MG;3143153;Monte Formoso;70,92;
MG;3143203;Monte Santo de Minas;77,46;
MG;3143302;Montes Claros;77,07;
MG;3143401;Monte Sião;77,69;
MG;3143450;Montezuma;73,55;
MG;3143500;Morada Nova de Minas;74,79;
MG;3143609;Morro da Garça;73,97;
MG;3143708;Morro do Pilar;73,55;
MG;3143807;Munhoz;74,25;
MG;3143906;Muriaé;76,18;
MG;3144003;Mutum;74,3;
MG;3144102;Muzambinho;76,51;
MG;3144201;Nacip Raydan;74,85;
MG;3144300;Nanuque;76,02;
MG;3144359;Naque;74,32;
MG;3144375;Natalândia;75,78;
MG;3144409;Natércia;73,28;
MG;3144508;Nazareno;74,82;
MG;3144607;Nepomuceno;74,3;
MG;3144656;Ninheira;72,01;
MG;3144672;Nova Belém;71,06;
MG;3144706;Nova Era;74,48;
MG;3144805;Nova Lima;78,1;
MG;3144904;Nova Módica;71,72;
MG;3145000;Nova Ponte;75,08;
MG;3145059;Nova Porteirinha;73,63;
MG;3145109;Nova Resende;75,33;
MG;3145208;Nova Serrana;76,82;
MG;3145307;Novo Cruzeiro;72,83;
MG;3145356;Novo Oriente de Minas;70,26;
MG;3145372;Novorizonte;73,26;
MG;3145406;Olaria;74,37;
MG;3145455;Olhos-d'Água;73,72;
MG;3145505;Olímpio Noronha;73,56;
MG;3145604;Oliveira;75,51;
MG;3145703;Oliveira Fortes;72,61;
MG;3145802;Onça de Pitangui;73,33;
MG;3145851;Oratórios;74,42;
MG;3145877;Orizânia;71,67;
MG;3145901;Ouro Branco;77,31;
MG;3146008;Ouro Fino;76,66;
MG;3146107;Ouro Preto;75,03;
MG;3146206;Ouro Verde de Minas;72,35;
MG;3146255;Padre Carvalho;72,71;
MG;3146305;Padre Paraíso;72,83;
MG;3146404;Paineiras;74,41;
MG;3146503;Pains;77,43;
MG;3146552;Pai Pedro;70,62;
MG;3146602;Paiva;75,72;
MG;3146701;Palma;75,45;
MG;3146750;Palmópolis;69,29;
MG;3146909;Papagaios;74,96;
MG;3147006;Paracatu;76,22;
MG;3147105;Pará de Minas;75,87;
MG;3147204;Paraguaçu;75,98;
MG;3147303;Paraisópolis;76,11;
MG;3147402;Paraopeba;72,55;
MG;3147501;Passabém;72,23;
MG;3147600;Passa Quatro;76,59;
MG;3147709;Passa Tempo;73,46;
MG;3147808;Passa-Vinte;73,53;
MG;3147907;Passos;78,15;
MG;3147956;Patis;72,23;
MG;3148004;Patos de Minas;76,31;
MG;3148103;Patrocínio;76,14;
MG;3148202;Patrocínio do Muriaé;72,78;
MG;3148301;Paula Cândido;74,38;
MG;3148400;Paulistas;72,44;
MG;3148509;Pavão;73,77;
MG;3148608;Peçanha;72,23;
MG;3148707;Pedra Azul;72,79;
MG;3148756;Pedra Bonita;69,41;
MG;3148806;Pedra do Anta;74,26;
MG;3148905;Pedra do Indaiá;75,6;
MG;3149002;Pedra Dourada;74,64;
MG;3149101;Pedralva;73,39;
MG;3149150;Pedras de Maria da Cruz;72,22;
MG;3149200;Pedrinópolis;76,29;
MG;3149309;Pedro Leopoldo;76,33;
MG;3149408;Pedro Teixeira;72,61;
MG;3149507;Pequeri;77,05;
MG;3149606;Pequi;73,47;
MG;3149705;Perdigão;75,6;
MG;3149804;Perdizes;77,8;
MG;3149903;Perdões;77,69;
MG;3149952;Periquito;75,34;
MG;3150000;Pescador;74,85;
MG;3150109;Piau;74,42;
MG;3150158;Piedade de Caratinga;71,37;
MG;3150208;Piedade de Ponte Nova;73,14;
MG;3150307;Piedade do Rio Grande;74,22;
MG;3150406;Piedade dos Gerais;75,42;
MG;3150505;Pimenta;74,93;
MG;3150539;Pingo-d'Água;69,63;
MG;3150570;Pintópolis;72,96;
MG;3150604;Piracema;73,54;
MG;3150703;Pirajuba;76,46;
MG;3150802;Piranga;72,96;
MG;3150901;Piranguçu;73,36;
MG;3151008;Piranguinho;75,45;
MG;3151107;Pirapetinga;75,45;
MG;3151206;Pirapora;74,65;
MG;3151305;Piraúba;75,56;
MG;3151404;Pitangui;77,22;
MG;3151503;Piumhi;77,7;
MG;3151602;Planura;76,1;
MG;3151701;Poço Fundo;76,95;
MG;3151800;Poços de Caldas;77,31;
MG;3151909;Pocrane;72,91;
MG;3152006;Pompéu;75,05;
MG;3152105;Ponte Nova;75,9;
MG;3152131;Ponto Chique;72,81;
MG;3152170;Ponto dos Volantes;71,88;
MG;3152204;Porteirinha;72,74;
MG;3152303;Porto Firme;73,26;
MG;3152402;Poté;73,52;
MG;3152501;Pouso Alegre;77,33;
MG;3152600;Pouso Alto;75,81;
MG;3152709;Prados;76,89;
MG;3152808;Prata;76,12;
MG;3152907;Pratápolis;76,74;
MG;3153004;Pratinha;77,24;
MG;3153103;Presidente Bernardes;73,23;
MG;3153202;Presidente Juscelino;72,74;
MG;3153301;Presidente Kubitschek;72,22;
MG;3153400;Presidente Olegário;74,88;
MG;3153509;Alto Jequitibá;72,21;
MG;3153608;Prudente de Morais;72,7;
MG;3153707;Quartel Geral;75,74;
MG;3153806;Queluzito;74,39;
MG;3153905;Raposos;74,9;
MG;3154002;Raul Soares;74,36;
MG;3154101;Recreio;75,45;
MG;3154150;Reduto;73,08;
MG;3154200;Resende Costa;74,4;
MG;3154309;Resplendor;74,99;
MG;3154408;Ressaquinha;75,01;
MG;3154457;Riachinho;72,71;
MG;3154507;Riacho dos Machados;73,45;
MG;3154606;Ribeirão das Neves;74,31;
MG;3154705;Ribeirão Vermelho;76,01;
MG;3154804;Rio Acima;77,22;
MG;3154903;Rio Casca;73,79;
MG;3155009;Rio Doce;73,07;
MG;3155108;Rio do Prado;73,4;
MG;3155207;Rio Espera;73,03;
MG;3155306;Rio Manso;73,11;
MG;3155405;Rio Novo;75,07;
MG;3155504;Rio Paranaíba;76,28;
MG;3155603;Rio Pardo de Minas;72,85;
MG;3155702;Rio Piracicaba;72,63;
MG;3155801;Rio Pomba;76,77;
MG;3155900;Rio Preto;75,84;
MG;3156007;Rio Vermelho;72,23;
MG;3156106;Ritápolis;73,91;
MG;3156205;Rochedo de Minas;75,92;
MG;3156304;Rodeiro;72,84;
MG;3156403;Romaria;73,78;
MG;3156452;Rosário da Limeira;73,69;
MG;3156502;Rubelita;73,46;
MG;3156601;Rubim;73,99;
MG;3156700;Sabará;74,99;
MG;3156809;Sabinópolis;73,71;
MG;3156908;Sacramento;77,25;
MG;3157005;Salinas;73,9;
MG;3157104;Salto da Divisa;75,74;
MG;3157203;Santa Bárbara;73,97;
MG;3157252;Santa Bárbara do Leste;73,01;
MG;3157278;Santa Bárbara do Monte Verde;74,37;
MG;3157302;Santa Bárbara do Tugúrio;73,57;
MG;3157336;Santa Cruz de Minas;75,35;
MG;3157377;Santa Cruz de Salinas;70,41;
MG;3157401;Santa Cruz do Escalvado;73,91;
MG;3157500;Santa Efigênia de Minas;72,57;
MG;3157609;Santa Fé de Minas;73,26;
MG;3157658;Santa Helena de Minas;68,37;
MG;3157708;Santa Juliana;77,06;
MG;3157807;Santa Luzia;76,52;
MG;3157906;Santa Margarida;72,07;
MG;3158003;Santa Maria de Itabira;74,24;
MG;3158102;Santa Maria do Salto;70,92;
MG;3158201;Santa Maria do Suaçuí;74,03;
MG;3158300;Santana da Vargem;75,98;
MG;3158409;Santana de Cataguases;72,58;
MG;3158508;Santana de Pirapama;73,93;
MG;3158607;Santana do Deserto;75,93;
MG;3158706;Santana do Garambéu;74,32;
MG;3158805;Santana do Jacaré;72,37;
MG;3158904;Santana do Manhuaçu;73,53;
MG;3158953;Santana do Paraíso;77,66;
MG;3159001;Santana do Riacho;75,02;
MG;3159100;Santana dos Montes;73,04;
MG;3159209;Santa Rita de Caldas;74,36;
MG;3159308;Santa Rita de Jacutinga;74,58;
MG;3159357;Santa Rita de Minas;72,48;
MG;3159407;Santa Rita de Ibitipoca;72,6;
MG;3159506;Santa Rita do Itueto;71,76;
MG;3159605;Santa Rita do Sapucaí;74,8;
MG;3159704;Santa Rosa da Serra;76,95;
MG;3159803;Santa Vitória;76,88;
MG;3159902;Santo Antônio do Amparo;74,39;
MG;3160009;Santo Antônio do Aventureiro;75,45;
MG;3160108;Santo Antônio do Grama;74,36;
MG;3160207;Santo Antônio do Itambé;72,65;
MG;3160306;Santo Antônio do Jacinto;71,33;
MG;3160405;Santo Antônio do Monte;75,37;
MG;3160454;Santo Antônio do Retiro;72,03;
MG;3160504;Santo Antônio do Rio Abaixo;74,39;
MG;3160603;Santo Hipólito;74,44;
MG;3160702;Santos Dumont;75,84;
MG;3160801;São Bento Abade;73,03;
MG;3160900;São Brás do Suaçuí;73,04;
MG;3160959;São Domingos das Dores;73,01;
MG;3161007;São Domingos do Prata;74,36;
MG;3161056;São Félix de Minas;72,68;
MG;3161106;São Francisco;73,26;
MG;3161205;São Francisco de Paula;73,69;
MG;3161304;São Francisco de Sales;77,01;
MG;3161403;São Francisco do Glória;74,96;
MG;3161502;São Geraldo;74,85;
MG;3161601;São Geraldo da Piedade;71,43;
MG;3161650;São Geraldo do Baixio;74,43;
MG;3161700;São Gonçalo do Abaeté;72,75;
MG;3161809;São Gonçalo do Pará;75,53;
MG;3161908;São Gonçalo do Rio Abaixo;72,52;
MG;3162005;São Gonçalo do Sapucaí;75,99;
MG;3162104;São Gotardo;76,27;
MG;3162203;São João Batista do Glória;75,69;
MG;3162252;São João da Lagoa;73,78;
MG;3162302;São João da Mata;74,29;
MG;3162401;São João da Ponte;72,17;
MG;3162450;São João das Missões;71,57;
MG;3162500;São João del Rei;76,57;
MG;3162559;São João do Manhuaçu;75,16;
MG;3162575;São João do Manteninha;73,3;
MG;3162609;São João do Oriente;73,32;
MG;3162658;São João do Pacuí;72,85;
MG;3162708;São João do Paraíso;73,46;
MG;3162807;São João Evangelista;73,37;
MG;3162906;São João Nepomuceno;75,98;
MG;3162922;São Joaquim de Bicas;75,62;
MG;3162948;São José da Barra;77,56;
MG;3162955;São José da Lapa;75,63;
MG;3163003;São José da Safira;70,91;
MG;3163102;São José da Varginha;76,41;
MG;3163201;São José do Alegre;75,2;
MG;3163300;São José do Divino;71,7;
MG;3163409;São José do Goiabal;73,83;
MG;3163508;São José do Jacuri;69,96;
MG;3163607;São José do Mantimento;74,36;
MG;3163706;São Lourenço;77,28;
MG;3163805;São Miguel do Anta;74,7;
MG;3163904;São Pedro da União;75,16;
MG;3164001;São Pedro dos Ferros;72,34;
MG;3164100;São Pedro do Suaçuí;72,08;
MG;3164209;São Romão;72,22;
MG;3164308;São Roque de Minas;75,27;
MG;3164407;São Sebastião da Bela Vista;75,87;
MG;3164431;São Sebastião da Vargem Alegre;74,64;
MG;3164472;São Sebastião do Anta;70,98;
MG;3164506;São Sebastião do Maranhão;73,94;
MG;3164605;São Sebastião do Oeste;74,9;
MG;3164704;São Sebastião do Paraíso;75,15;
MG;3164803;São Sebastião do Rio Preto;73,55;
MG;3164902;São Sebastião do Rio Verde;75,71;
MG;3165008;São Tiago;74,48;
MG;3165107;São Tomás de Aquino;77,46;
MG;3165206;São Thomé das Letras;73,03;
MG;3165305;São Vicente de Minas;75,72;
MG;3165404;Sapucaí-Mirim;75,49;
MG;3165503;Sardoá;73,71;
MG;3165537;Sarzedo;77,28;
MG;3165552;Setubinha;69,6;
MG;3165560;Sem-Peixe;74,57;
MG;3165578;Senador Amaral;74,25;
MG;3165602;Senador Cortes;75,05;
MG;3165701;Senador Firmino;74,75;
MG;3165800;Senador José Bento;74,41;
MG;3165909;Senador Modestino Gonçalves;71,94;
MG;3166006;Senhora de Oliveira;73,03;
MG;3166105;Senhora do Porto;73,1;
MG;3166204;Senhora dos Remédios;71,56;
MG;3166303;Sericita;71,56;
MG;3166402;Seritinga;76,17;
MG;3166501;Serra Azul de Minas;73,55;
MG;3166600;Serra da Saudade;76,78;
MG;3166709;Serra dos Aimorés;72,06;
MG;3166808;Serra do Salitre;76,11;
MG;3166907;Serrania;75;
MG;3166956;Serranópolis de Minas;71,38;
MG;3167004;Serranos;75,05;
MG;3167103;Serro;75,01;
MG;3167202;Sete Lagoas;75,37;
MG;3167301;Silveirânia;75,45;
MG;3167400;Silvianópolis;76,87;
MG;3167509;Simão Pereira;75,57;
MG;3167608;Simonésia;74,36;
MG;3167707;Sobrália;73,28;
MG;3167806;Soledade de Minas;74,88;
MG;3167905;Tabuleiro;74,27;
MG;3168002;Taiobeiras;73,9;
MG;3168051;Taparuba;72,91;
MG;3168101;Tapira;75,8;
MG;3168200;Tapiraí;75,84;
MG;3168309;Taquaraçu de Minas;74,06;
MG;3168408;Tarumirim;74,72;
MG;3168507;Teixeiras;73,26;
MG;3168606;Teófilo Otoni;74,45;
MG;3168705;Timóteo;75,14;
MG;3168804;Tiradentes;78,1;
MG;3168903;Tiros;76,13;
MG;3169000;Tocantins;72,99;
MG;3169059;Tocos do Moji;73,49;
MG;3169109;Toledo;73,14;
MG;3169208;Tombos;77,23;
MG;3169307;Três Corações;76,28;
MG;3169356;Três Marias;76,93;
MG;3169406;Três Pontas;75,98;
MG;3169505;Tumiritinga;74,63;
MG;3169604;Tupaciguara;76,78;
MG;3169703;Turmalina;73,98;
MG;3169802;Turvolândia;74,71;
MG;3169901;Ubá;75,45;
MG;3170008;Ubaí;72,22;
MG;3170057;Ubaporanga;73,32;
MG;3170107;Uberaba;75,71;
MG;3170206;Uberlândia;78,09;
MG;3170305;Umburatiba;73,88;
MG;3170404;Unaí;75,83;
MG;3170438;União de Minas;74,73;
MG;3170479;Uruana de Minas;72,6;
MG;3170503;Urucânia;73,67;
MG;3170529;Urucuia;71,88;
MG;3170578;Vargem Alegre;74,12;
MG;3170602;Vargem Bonita;75,8;
MG;3170651;Vargem Grande do Rio Pardo;73,63;
MG;3170701;Varginha;77,49;
MG;3170750;Varjão de Minas;75,79;
MG;3170800;Várzea da Palma;73,83;
MG;3170909;Varzelândia;73,37;
MG;3171006;Vazante;76,96;
MG;3171030;Verdelândia;72,81;
MG;3171071;Veredinha;72,11;
MG;3171105;Veríssimo;77,16;
MG;3171154;Vermelho Novo;72,37;
MG;3171204;Vespasiano;73,65;
MG;3171303;Viçosa;77,96;
MG;3171402;Vieiras;73,47;
MG;3171501;Mathias Lobato;72,71;
MG;3171600;Virgem da Lapa;72,83;
MG;3171709;Virgínia;74,73;
MG;3171808;Virginópolis;74,86;
MG;3171907;Virgolândia;72,71;
MG;3172004;Visconde do Rio Branco;75,97;
MG;3172103;Volta Grande;75,45;
MG;3172202;Wenceslau Braz;75,53;
